name	type	units	low_cutoff	high_cutoff	sampling_frequency	status	status_description	source_name	long_name	electrode_type	region
FPA1	ECOG	µV	n/a	n/a	8192.0	good	n/a	FPA1	FrontalPoleAStripElectrode1	strip	superiorfrontal
FPA2	ECOG	µV	n/a	n/a	8192.0	good	n/a	FPA2	FrontalPoleAStripElectrode2	strip	medialorbitofrontal
FPA3	ECOG	µV	n/a	n/a	8192.0	good	n/a	FPA3	FrontalPoleAStripElectrode3	strip	frontalpole
FPA4	ECOG	µV	n/a	n/a	8192.0	good	n/a	FPA4	FrontalPoleAStripElectrode4	strip	frontalpole
FPA5	ECOG	µV	n/a	n/a	8192.0	good	n/a	FPA5	FrontalPoleAStripElectrode5	strip	rostralmiddlefrontal
FPA6	ECOG	µV	n/a	n/a	8192.0	good	n/a	FPA6	FrontalPoleAStripElectrode6	strip	rostralmiddlefrontal
FPB1	ECOG	µV	n/a	n/a	8192.0	good	n/a	FPB1	FrontalPoleBStripElectrode1	strip	medialorbitofrontal
FPB2	ECOG	µV	n/a	n/a	8192.0	good	n/a	FPB2	FrontalPoleBStripElectrode2	strip	medialorbitofrontal
FPB3	ECOG	µV	n/a	n/a	8192.0	good	n/a	FPB3	FrontalPoleBStripElectrode3	strip	frontalpole
FPB4	ECOG	µV	n/a	n/a	8192.0	good	n/a	FPB4	FrontalPoleBStripElectrode4	strip	frontalpole
FPB5	ECOG	µV	n/a	n/a	8192.0	good	n/a	FPB5	FrontalPoleBStripElectrode5	strip	superiorfrontal
FPB6	ECOG	µV	n/a	n/a	8192.0	good	n/a	FPB6	FrontalPoleBStripElectrode6	strip	rostralmiddlefrontal
IHA1	ECOG	µV	n/a	n/a	8192.0	good	n/a	IHA1	InterhemisphericAStripElectrode1	strip	caudalanteriorcingulate
IHA2	ECOG	µV	n/a	n/a	8192.0	good	n/a	IHA2	InterhemisphericAStripElectrode2	strip	superiorfrontal
IHA3	ECOG	µV	n/a	n/a	8192.0	good	n/a	IHA3	InterhemisphericAStripElectrode3	strip	superiorfrontal
IHA4	ECOG	µV	n/a	n/a	8192.0	good	n/a	IHA4	InterhemisphericAStripElectrode4	strip	superiorfrontal
IHA5	ECOG	µV	n/a	n/a	8192.0	good	n/a	IHA5	InterhemisphericAStripElectrode5	strip	superiorfrontal
IHA6	ECOG	µV	n/a	n/a	8192.0	good	n/a	IHA6	InterhemisphericAStripElectrode6	strip	superiorfrontal
IHB1	ECOG	µV	n/a	n/a	8192.0	good	n/a	IHB1	InterhemisphericBStripElectrode1	strip	posteriorcingulate
IHB2	ECOG	µV	n/a	n/a	8192.0	good	n/a	IHB2	InterhemisphericBStripElectrode2	strip	posteriorcingulate
IHB3	ECOG	µV	n/a	n/a	8192.0	good	n/a	IHB3	InterhemisphericBStripElectrode3	strip	posteriorcingulate
IHB4	ECOG	µV	n/a	n/a	8192.0	good	n/a	IHB4	InterhemisphericBStripElectrode4	strip	posteriorcingulate
IHB5	ECOG	µV	n/a	n/a	8192.0	good	n/a	IHB5	InterhemisphericBStripElectrode5	strip	superiorfrontal
IHB6	ECOG	µV	n/a	n/a	8192.0	good	n/a	IHB6	InterhemisphericBStripElectrode6	strip	superiorfrontal
OFA1	ECOG	µV	n/a	n/a	8192.0	good	n/a	OFA1	AnteriorOFCStripElectrode1	strip	medialorbitofrontal
OFA2	ECOG	µV	n/a	n/a	8192.0	good	n/a	OFA2	AnteriorOFCStripElectrode2	strip	lateralorbitofrontal
OFA3	ECOG	µV	n/a	n/a	8192.0	good	n/a	OFA3	AnteriorOFCStripElectrode3	strip	lateralorbitofrontal
OFA4	ECOG	µV	n/a	n/a	8192.0	good	n/a	OFA4	AnteriorOFCStripElectrode4	strip	lateralorbitofrontal
OFP1	ECOG	µV	n/a	n/a	8192.0	good	n/a	OFP1	PosteriorOFCStripElectrode1	strip	medialorbitofrontal
OFP2	ECOG	µV	n/a	n/a	8192.0	good	n/a	OFP2	PosteriorOFCStripElectrode2	strip	medialorbitofrontal
OFP3	ECOG	µV	n/a	n/a	8192.0	good	n/a	OFP3	PosteriorOFCStripElectrode3	strip	lateralorbitofrontal
OFP4	ECOG	µV	n/a	n/a	8192.0	good	n/a	OFP4	PosteriorOFCStripElectrode4	strip	lateralorbitofrontal
TP1	ECOG	µV	n/a	n/a	8192.0	good	n/a	TP1	TemporalPoleStripElectrode1	strip	Unknown
TP2	ECOG	µV	n/a	n/a	8192.0	good	n/a	TP2	TemporalPoleStripElectrode2	strip	temporalpole
TP3	ECOG	µV	n/a	n/a	8192.0	good	n/a	TP3	TemporalPoleStripElectrode3	strip	temporalpole
TP4	ECOG	µV	n/a	n/a	8192.0	good	n/a	TP4	TemporalPoleStripElectrode4	strip	temporalpole
TP5	ECOG	µV	n/a	n/a	8192.0	good	n/a	TP5	TemporalPoleStripElectrode5	strip	superiortemporal
TP6	ECOG	µV	n/a	n/a	8192.0	good	n/a	TP6	TemporalPoleStripElectrode6	strip	middletemporal
AST1	ECOG	µV	n/a	n/a	8192.0	good	n/a	AST1	AnteriorSubtemporalStripElectrode1	strip	temporalpole
AST2	ECOG	µV	n/a	n/a	8192.0	good	n/a	AST2	AnteriorSubtemporalStripElectrode2	strip	entorhinal
AST3	ECOG	µV	n/a	n/a	8192.0	good	n/a	AST3	AnteriorSubtemporalStripElectrode3	strip	fusiform
AST4	ECOG	µV	n/a	n/a	8192.0	good	n/a	AST4	AnteriorSubtemporalStripElectrode4	strip	inferiortemporal
PST1	ECOG	µV	n/a	n/a	8192.0	good	n/a	PST1	PosteriorSubtemporalStripElectrode1	strip	parahippocampal
PST2	ECOG	µV	n/a	n/a	8192.0	good	n/a	PST2	PosteriorSubtemporalStripElectrode2	strip	fusiform
PST3	ECOG	µV	n/a	n/a	8192.0	good	n/a	PST3	PosteriorSubtemporalStripElectrode3	strip	fusiform
PST4	ECOG	µV	n/a	n/a	8192.0	good	n/a	PST4	PosteriorSubtemporalStripElectrode4	strip	inferiortemporal
AD1	SEEG	µV	n/a	n/a	8192.0	good	n/a	AD1	AmygdalaDepthElectrode1	depth	Right-Amygdala
AD2	SEEG	µV	n/a	n/a	8192.0	good	n/a	AD2	AmygdalaDepthElectrode2	depth	Right-Amygdala
AD3	SEEG	µV	n/a	n/a	8192.0	good	n/a	AD3	AmygdalaDepthElectrode3	depth	Right-Amygdala
AD4	SEEG	µV	n/a	n/a	8192.0	good	n/a	AD4	AmygdalaDepthElectrode4	depth	Right-Amygdala
HD1	SEEG	µV	n/a	n/a	8192.0	good	n/a	HD1	HippocampusDepthElectrode1	depth	Right-Hippocampus
HD2	SEEG	µV	n/a	n/a	8192.0	good	n/a	HD2	HippocampusDepthElectrode2	depth	Right-Hippocampus
HD3	SEEG	µV	n/a	n/a	8192.0	good	n/a	HD3	HippocampusDepthElectrode3	depth	Right-Hippocampus
HD4	SEEG	µV	n/a	n/a	8192.0	good	n/a	HD4	HippocampusDepthElectrode4	depth	Right-Hippocampus
CV1	SEEG	µV	n/a	n/a	8192.0	good	n/a	CV1	VentralCingulateDepthElectrode1	depth	ctx_lh_G_and_S_cingul-Ant
CV2	SEEG	µV	n/a	n/a	8192.0	good	n/a	CV2	VentralCingulateDepthElectrode2	depth	ctx_rh_G_and_S_cingul-Ant
CV3	SEEG	µV	n/a	n/a	8192.0	good	n/a	CV3	VentralCingulateDepthElectrode3	depth	Right-Cerebral-White-Matter
CV4	SEEG	µV	n/a	n/a	8192.0	good	n/a	CV4	VentralCingulateDepthElectrode4	depth	Right-Cerebral-White-Matter
CD1	SEEG	µV	n/a	n/a	8192.0	good	n/a	CD1	DorsalCingulateDepthElectrode1	depth	ctx_lh_G_and_S_cingul-Ant
CD2	SEEG	µV	n/a	n/a	8192.0	good	n/a	CD2	DorsalCingulateDepthElectrode2	depth	ctx_rh_G_and_S_cingul-Ant
CD3	SEEG	µV	n/a	n/a	8192.0	good	n/a	CD3	DorsalCingulateDepthElectrode3	depth	ctx_rh_G_and_S_cingul-Ant
CD4	SEEG	µV	n/a	n/a	8192.0	good	n/a	CD4	DorsalCingulateDepthElectrode4	depth	ctx_rh_G_and_S_cingul-Ant
IN1	SEEG	µV	n/a	n/a	8192.0	good	n/a	IN1	InsulaDepthElectrode1	depth	Right-Putamen
IN2	SEEG	µV	n/a	n/a	8192.0	good	n/a	IN2	InsulaDepthElectrode2	depth	Right-Putamen
IN3	SEEG	µV	n/a	n/a	8192.0	good	n/a	IN3	InsulaDepthElectrode3	depth	Right-Putamen
IN4	SEEG	µV	n/a	n/a	8192.0	good	n/a	IN4	InsulaDepthElectrode4	depth	Right-Cerebral-White-Matter
IN5	SEEG	µV	n/a	n/a	8192.0	good	n/a	IN5	InsulaDepthElectrode5	depth	Right-Cerebral-White-Matter
IN6	SEEG	µV	n/a	n/a	8192.0	good	n/a	IN6	InsulaDepthElectrode6	depth	Right-Cerebral-White-Matter
IN7	SEEG	µV	n/a	n/a	8192.0	good	n/a	IN7	InsulaDepthElectrode7	depth	Right-Cerebral-White-Matter
IN8	SEEG	µV	n/a	n/a	8192.0	good	n/a	IN8	InsulaDepthElectrode8	depth	Right-Cerebral-White-Matter
IN9	SEEG	µV	n/a	n/a	8192.0	good	n/a	IN9	InsulaDepthElectrode9	depth	Right-Cerebral-White-Matter
IN10	SEEG	µV	n/a	n/a	8192.0	good	n/a	IN10	InsulaDepthElectrode10	depth	Right-Cerebral-White-Matter
PA1	ECOG	µV	n/a	n/a	8192.0	good	n/a	PA1	ParietalAStripElectrode1	strip	precentral
PA2	ECOG	µV	n/a	n/a	8192.0	good	n/a	PA2	ParietalAStripElectrode2	strip	precentral
PA3	ECOG	µV	n/a	n/a	8192.0	good	n/a	PA3	ParietalAStripElectrode3	strip	precentral
PA4	ECOG	µV	n/a	n/a	8192.0	good	n/a	PA4	ParietalAStripElectrode4	strip	postcentral
PA5	ECOG	µV	n/a	n/a	8192.0	good	n/a	PA5	ParietalAStripElectrode5	strip	supramarginal
PA6	ECOG	µV	n/a	n/a	8192.0	good	n/a	PA6	ParietalAStripElectrode6	strip	supramarginal
PAB1	ECOG	µV	n/a	n/a	8192.0	good	n/a	PAB1	ParietalBStripElectrode1	strip	precentral
PAB2	ECOG	µV	n/a	n/a	8192.0	good	n/a	PAB2	ParietalBStripElectrode2	strip	precentral
PAB3	ECOG	µV	n/a	n/a	8192.0	good	n/a	PAB3	ParietalBStripElectrode3	strip	postcentral
PAB4	ECOG	µV	n/a	n/a	8192.0	good	n/a	PAB4	ParietalBStripElectrode4	strip	postcentral
PAB5	ECOG	µV	n/a	n/a	8192.0	good	n/a	PAB5	ParietalBStripElectrode5	strip	supramarginal
PAB6	ECOG	µV	n/a	n/a	8192.0	good	n/a	PAB6	ParietalBStripElectrode6	strip	supramarginal
SF1	ECOG	µV	n/a	n/a	8192.0	good	n/a	SF1	SuperiorFrontalStripElectrode1	strip	superiorfrontal
SF2	ECOG	µV	n/a	n/a	8192.0	good	n/a	SF2	SuperiorFrontalStripElectrode2	strip	superiorfrontal
SF3	ECOG	µV	n/a	n/a	8192.0	good	n/a	SF3	SuperiorFrontalStripElectrode3	strip	superiorfrontal
SF4	ECOG	µV	n/a	n/a	8192.0	good	n/a	SF4	SuperiorFrontalStripElectrode4	strip	caudalmiddlefrontal
SF5	ECOG	µV	n/a	n/a	8192.0	good	n/a	SF5	SuperiorFrontalStripElectrode5	strip	superiorfrontal
SF6	ECOG	µV	n/a	n/a	8192.0	good	n/a	SF6	SuperiorFrontalStripElectrode6	strip	rostralmiddlefrontal
