name	x	y	z	size	type	long_name	region
G1	-60.748153	-40.220000	8.560000	n/a	grid	LGridElectrode1	middletemporal
G2	-62.369826	-35.682667	15.036000	n/a	grid	LGridElectrode2	middletemporal
G3	-63.646478	-31.145333	21.512000	n/a	grid	LGridElectrode3	middletemporal
G4	-64.426322	-26.608000	27.988000	n/a	grid	LGridElectrode4	superiortemporal
G5	-64.432581	-22.070667	34.464000	n/a	grid	LGridElectrode5	supramarginal
G6	-63.627991	-17.533333	40.940000	n/a	grid	LGridElectrode6	supramarginal
G7	-60.894672	-12.996000	47.416000	n/a	grid	LGridElectrode7	supramarginal
G8	-55.898310	-8.458667	53.892000	n/a	grid	LGridElectrode8	postcentral
G9	-62.919444	-33.534286	4.114286	n/a	grid	LGridElectrode9	middletemporal
G10	-64.338464	-29.168000	10.656571	n/a	grid	LGridElectrode10	middletemporal
G11	-65.112757	-24.801714	17.198857	n/a	grid	LGridElectrode11	superiortemporal
G12	-65.173451	-20.435429	23.741143	n/a	grid	LGridElectrode12	superiortemporal
G13	-65.132381	-16.069143	30.283429	n/a	grid	LGridElectrode13	supramarginal
G14	-64.903594	-11.702857	36.825714	n/a	grid	LGridElectrode14	postcentral
G15	-62.368500	-7.336571	43.368000	n/a	grid	LGridElectrode15	postcentral
G16	-57.504703	-2.970286	49.910286	n/a	grid	LGridElectrode16	postcentral
G17	-64.947300	-26.848571	-0.331429	n/a	grid	LGridElectrode17	middletemporal
G18	-65.785187	-22.653333	6.277143	n/a	grid	LGridElectrode18	middletemporal
G19	-65.949565	-18.458095	12.885714	n/a	grid	LGridElectrode19	superiortemporal
G20	-65.895305	-14.262857	19.494286	n/a	grid	LGridElectrode20	superiortemporal
G21	-65.823163	-10.067619	26.102857	n/a	grid	LGridElectrode21	postcentral
G22	-65.751020	-5.872381	32.711429	n/a	grid	LGridElectrode22	postcentral
G23	-63.842329	-1.677143	39.320000	n/a	grid	LGridElectrode23	precentral
G24	-58.946190	2.518095	45.928571	n/a	grid	LGridElectrode24	precentral
G25	-66.505333	-20.162857	-4.777143	n/a	grid	LGridElectrode25	middletemporal
G26	-66.742651	-16.138667	1.897714	n/a	grid	LGridElectrode26	middletemporal
G27	-66.691449	-12.114476	8.572571	n/a	grid	LGridElectrode27	superiortemporal
G28	-66.602696	-8.090286	15.247429	n/a	grid	LGridElectrode28	superiortemporal
G29	-66.513944	-4.066095	21.922286	n/a	grid	LGridElectrode29	postcentral
G30	-66.425192	-0.041905	28.597143	n/a	grid	LGridElectrode30	postcentral
G31	-65.316157	3.982286	35.272000	n/a	grid	LGridElectrode31	precentral
G32	-60.159001	8.006476	41.946857	n/a	grid	LGridElectrode32	precentral
G33	-66.706571	-15.960000	2.940000	n/a	grid	LGridElectrode33	middletemporal
G34	-66.772566	-10.969333	8.645333	n/a	grid	LGridElectrode34	superiortemporal
G35	-66.812311	-5.978667	14.350667	n/a	grid	LGridElectrode35	superiortemporal
G36	-66.852055	-0.988000	20.056000	n/a	grid	LGridElectrode36	postcentral
G37	-66.890490	4.002667	25.761333	n/a	grid	LGridElectrode37	precentral
G38	-65.843214	8.993333	31.466667	n/a	grid	LGridElectrode38	precentral
G39	-61.347667	13.984000	37.172000	n/a	grid	LGridElectrode39	precentral
G40	-56.368050	18.974667	42.877333	n/a	grid	LGridElectrode40	precentral
G41	-67.461506	-10.300000	-2.328571	n/a	grid	LGridElectrode41	middletemporal
G42	-67.340022	-5.257524	3.372571	n/a	grid	LGridElectrode42	middletemporal
G43	-66.602233	-0.215048	9.073714	n/a	grid	LGridElectrode43	superiortemporal
G44	-65.641690	4.827429	14.774857	n/a	grid	LGridElectrode44	postcentral
G45	-64.681146	9.869905	20.476000	n/a	grid	LGridElectrode45	precentral
G46	-63.720602	14.912381	26.177143	n/a	grid	LGridElectrode46	precentral
G47	-61.028071	19.954857	31.878286	n/a	grid	LGridElectrode47	precentral
G48	-56.931190	24.997333	37.579429	n/a	grid	LGridElectrode48	rostralmiddlefrontal
G49	-66.213864	-4.640000	-7.597143	n/a	grid	LGridElectrode49	middletemporal
G50	-65.282917	0.454286	-1.900190	n/a	grid	LGridElectrode50	middletemporal
G51	-64.306127	5.548571	3.796762	n/a	grid	LGridElectrode51	superiortemporal
G52	-63.329338	10.642857	9.493714	n/a	grid	LGridElectrode52	superiortemporal
G53	-62.352548	15.737143	15.190667	n/a	grid	LGridElectrode53	precentral
G54	-61.375758	20.831429	20.887619	n/a	grid	LGridElectrode54	parsopercularis
G55	-59.626281	25.925714	26.584571	n/a	grid	LGridElectrode55	parsopercularis
G56	-55.566552	31.020000	32.281524	n/a	grid	LGridElectrode56	parsopercularis
G57	-62.987105	1.020000	-12.865714	n/a	grid	LGridElectrode57	middletemporal
G58	-62.768075	6.166095	-7.172952	n/a	grid	LGridElectrode58	middletemporal
G59	-61.832316	11.312190	-1.480190	n/a	grid	LGridElectrode59	superiortemporal
G60	-60.895926	16.458286	4.212571	n/a	grid	LGridElectrode60	superiortemporal
G61	-59.959536	21.604381	9.905333	n/a	grid	LGridElectrode61	precentral
G62	-59.023147	26.750476	15.598095	n/a	grid	LGridElectrode62	parstriangularis
G63	-57.919495	31.896571	21.290857	n/a	grid	LGridElectrode63	parstriangularis
G64	-53.968750	37.042667	26.983619	n/a	grid	LGridElectrode64	parstriangularis
ATP1	-22.780000	-22.120000	-15.970000	n/a	strip	AnteriorTemporalPoleStripElectrode1	parahippocampal
ATP2	-22.640000	-12.570000	-20.360000	n/a	strip	AnteriorTemporalPoleStripElectrode2	entorhinal
ATP3	-21.410000	-2.470000	-23.430000	n/a	strip	AnteriorTemporalPoleStripElectrode3	entorhinal
ATP4	-20.210000	5.700000	-26.000000	n/a	strip	AnteriorTemporalPoleStripElectrode4	entorhinal
ATP5	-23.840000	15.080000	-26.000000	n/a	strip	AnteriorTemporalPoleStripElectrode5	temporalpole
ATP6	-28.240000	23.500000	-21.000000	n/a	strip	AnteriorTemporalPoleStripElectrode6	temporalpole
AST1	-23.490000	4.930000	-30.210000	n/a	strip	AnteriorSubtemporalStripElectrode1	fusiform
AST2	-32.570000	3.080000	-32.690000	n/a	strip	AnteriorSubtemporalStripElectrode2	fusiform
AST3	-42.280000	-0.480000	-32.380000	n/a	strip	AnteriorSubtemporalStripElectrode3	inferiortemporal
AST4	-51.380000	-1.930000	-28.380000	n/a	strip	AnteriorSubtemporalStripElectrode4	inferiortemporal
PST1	-34.860000	-77.280000	3.000000	n/a	strip	PosteriorStripElectrode1	lateraloccipital
PST2	-42.110000	-71.070000	7.000000	n/a	strip	PosteriorStripElectrode2	lateraloccipital
PST3	-47.770000	-63.180000	11.000000	n/a	strip	PosteriorStripElectrode3	lateraloccipital
PST4	-51.730000	-55.640000	14.910000	n/a	strip	PosteriorStripElectrode4	middletemporal
AD1	-13.190000	-9.480000	-0.850000	n/a	depth	AmygdalaDepthElectrode1	Left-VentralDC
AD2	-18.060000	-8.870000	-1.180000	n/a	depth	AmygdalaDepthElectrode2	Left-Hippocampus
AD3	-22.960000	-8.320000	-1.760000	n/a	depth	AmygdalaDepthElectrode3	Left-Hippocampus
AD4	-27.880000	-7.520000	-2.590000	n/a	depth	AmygdalaDepthElectrode4	Left-Hippocampus
AD5	-32.880000	-7.960000	-3.650000	n/a	depth	AmygdalaDepthElectrode5	Left-Hippocampus
AD6	-37.520000	-8.500000	-4.950000	n/a	depth	AmygdalaDepthElectrode6	Left-Cerebral-White-Matter
AD7	-42.240000	-8.960000	-6.180000	n/a	depth	AmygdalaDepthElectrode7	Left-Cerebral-White-Matter
AD8	-47.110000	-9.830000	-7.070000	n/a	depth	AmygdalaDepthElectrode8	Left-Cerebral-White-Matter
AD9	-51.860000	-10.950000	-7.940000	n/a	depth	AmygdalaDepthElectrode9	Left-Cerebral-White-Matter
AD10	-56.480000	-11.820000	-8.850000	n/a	depth	AmygdalaDepthElectrode10	Left-Cerebral-White-Matter
HD1	-17.990000	-23.640000	2.260000	n/a	depth	HippocampalDepthElectrode1	Unknown
HD2	-22.720000	-23.320000	0.850000	n/a	depth	HippocampalDepthElectrode2	Left-Hippocampus
HD3	-27.380000	-23.320000	-0.260000	n/a	depth	HippocampalDepthElectrode3	Left-Hippocampus
HD4	-32.080000	-23.470000	-1.590000	n/a	depth	HippocampalDepthElectrode4	Left-Hippocampus
HD5	-36.990000	-23.470000	-2.920000	n/a	depth	HippocampalDepthElectrode5	Left-Cerebral-White-Matter
HD6	-41.890000	-23.500000	-4.250000	n/a	depth	HippocampalDepthElectrode6	Unknown
HD7	-46.460000	-23.390000	-5.470000	n/a	depth	HippocampalDepthElectrode7	ctx_lh_S_collat_transv_ant
HD8	-51.490000	-23.340000	-6.600000	n/a	depth	HippocampalDepthElectrode8	Left-Cerebral-White-Matter
HD9	-56.150000	-21.880000	-7.690000	n/a	depth	HippocampalDepthElectrode9	ctx_lh_S_temporal_inf
HD10	-60.460000	-20.000000	-8.480000	n/a	depth	HippocampalDepthElectrode10	ctx_lh_G_temporal_middle
ID1	-38.080000	7.590000	1.540000	n/a	depth	InsulaDepthElectrode1	ctx_lh_G_Ins_lg_and_S_cent_ins
ID2	-38.540000	10.300000	5.800000	n/a	depth	InsulaDepthElectrode2	ctx_lh_G_insular_short
ID3	-38.540000	12.990000	10.070000	n/a	depth	InsulaDepthElectrode3	ctx_lh_G_insular_short
ID4	-38.340000	15.060000	14.100000	n/a	depth	InsulaDepthElectrode4	ctx_lh_G_front_inf-Opercular
ID5	-37.910000	17.550000	18.640000	n/a	depth	InsulaDepthElectrode5	Left-Cerebral-White-Matter
ID6	-37.480000	20.040000	22.850000	n/a	depth	InsulaDepthElectrode6	Left-Cerebral-White-Matter
ID7	-37.050000	22.200000	27.070000	n/a	depth	InsulaDepthElectrode7	Left-Cerebral-White-Matter
ID8	-36.770000	24.470000	31.600000	n/a	depth	InsulaDepthElectrode8	Left-Cerebral-White-Matter
n/a	n/a	n/a	n/a	n/a	n/a	n/a	[]
NaN_2	n/a	n/a	n/a	n/a	n/a	n/a	[]
HesD1	-41.460000	-8.080000	11.190000	n/a	depth	HeschlsDepthElectrode1	Unknown
HesD2	-42.335556	-5.637778	9.718889	n/a	depth	HeschlsDepthElectrode2	Unknown
HesD3	-43.211111	-3.195556	8.247778	n/a	depth	HeschlsDepthElectrode3	Unknown
HesD4	-44.086667	-0.753333	6.776667	n/a	depth	HeschlsDepthElectrode4	Unknown
HesD5	-44.962222	1.688889	5.305556	n/a	depth	HeschlsDepthElectrode5	Unknown
HesD6	-45.837778	4.131111	3.834444	n/a	depth	HeschlsDepthElectrode6	Unknown
HesD7	-46.713333	6.573333	2.363333	n/a	depth	HeschlsDepthElectrode7	ctx_lh_G_temp_sup-Plan_polar
HesD8	-47.588889	9.015556	0.892222	n/a	depth	HeschlsDepthElectrode8	Left-Cerebral-White-Matter
HesD9	-48.464444	11.457778	-0.578889	n/a	depth	HeschlsDepthElectrode9	ctx_lh_G_temp_sup-Lateral
HesD10	-49.340000	13.900000	-2.050000	n/a	depth	HeschlsDepthElectrode10	ctx_lh_G_temp_sup-Lateral
EKG1	n/a	n/a	n/a	n/a	EKG	EKG1	[]
EKG2	n/a	n/a	n/a	n/a	EKG	EKG2	[]
OFS1	-11.420000	24.490000	-7.390000	n/a	strip	OFCStripElectrode1	lateralorbitofrontal
OFS2	-19.810000	27.360000	-3.790000	n/a	strip	OFCStripElectrode2	lateralorbitofrontal
OFS3	-29.050000	30.890000	-3.520000	n/a	strip	OFCStripElectrode3	lateralorbitofrontal
OFS4	-38.110000	34.690000	-2.360000	n/a	strip	OFCStripElectrode4	parsorbitalis
